campaign_name,result_id,duration_ms,impressions,clicks,click_through_rate,conversions,conversion_rate,revenue_usd,sentiment_category,call_to_action_type,is_simulated
flo-name-your-price-tool,8cfb79eb-a7fa-5277-9cd2-4545813b7dcf,30000,89184,1436,0.0161,94,0.0655,75787.27,Positive,VisitWebsite,True
flo-name-your-price-tool,54b8e7a1-3a4b-5775-8404-4012ea18c0f8,15000,173736,3250,0.0187,318,0.0978,226052.58,Positive,PhoneCall,True
flo-name-your-price-tool,7849744d-a721-585f-99da-cf2fde84a33b,30000,170604,2751,0.0161,170,0.0619,138186.65,Positive,VisitWebsite,True
flo-name-your-price-tool,de875c3b-e844-5a8a-b792-11cb385cc589,30000,217815,1766,0.0081,113,0.064,124855.86,Mixed,VisitWebsite,True
flo-name-your-price-tool,6f659b56-b917-5c04-ad16-d97216a0533d,15000,405706,7172,0.0177,638,0.089,538939.97,Positive,GetAQuote,True
flo-group-fast-bundle,739fffb7-20de-5908-b183-410e5a045599,30000,61703,1175,0.019,74,0.0632,69991.43,Positive,PurchaseNow,True
flo-group-fast-bundle,f6c109d1-59b4-5916-81fa-618b7b7cabb5,30000,132842,2208,0.0166,175,0.0791,154982.83,Positive,VisitWebsite,True
flo-group-fast-bundle,57b05182-67bb-5f31-9211-4cb4e812a37d,30000,84312,1477,0.0175,99,0.0672,88186.13,Positive,PurchaseNow,True
flo-group-fast-bundle,5c15b8a8-945e-5912-9004-6727bbaf2da4,15000,258684,4974,0.0192,371,0.0746,380408.44,Positive,PurchaseNow,True
dr-rick-parentamorphosis,7b0466ca-ec54-507c-a1d8-6880889ed138,30000,159230,1324,0.0083,114,0.0859,124265.46,Mixed,GetAQuote,True
dr-rick-parentamorphosis,58ebb478-5bc9-5708-a044-42911c844564,15000,309600,5669,0.0183,533,0.0941,363547.08,Positive,GetAQuote,True
dr-rick-parentamorphosis,59e5630e-b511-59d8-9dc1-dec85be195d1,30000,119742,1328,0.0111,132,0.0997,164831.36,Mixed,GetAQuote,True
dr-rick-parentamorphosis,f6821106-4314-5f0b-8bd9-a6ba36610872,30000,86476,823,0.0095,73,0.0891,90073.04,Mixed,GetAQuote,True
dr-rick-parentamorphosis,f89033ad-e8f2-5f87-bd74-1cc6da7a2876,15000,205276,3588,0.0175,302,0.0842,252739.11,Positive,GetAQuote,True
motaur-motorcycle-savings,8de4c0b0-a84d-51e3-a1a9-00c8e5bde933,30000,78717,1451,0.0184,121,0.0834,140407.04,Positive,GetAQuote,True
motaur-motorcycle-savings,85111cbd-eeaf-53d7-b110-f8561e096b0d,30000,102834,1835,0.0178,157,0.0854,203750.49,Positive,GetAQuote,True
motaur-motorcycle-savings,5990978b-9bf3-5f88-a96c-46e4122ee7f0,30000,206001,3477,0.0169,301,0.0865,357533.67,Positive,GetAQuote,True
motaur-motorcycle-savings,5fde7fda-dc7d-594b-9c46-0d8144ef1330,15000,149326,2526,0.0169,204,0.0806,177646.7,Positive,GetAQuote,True
jamie-employee-of-the-month,a7351227-dc5b-598a-b58e-411efba88aaa,30000,130186,2117,0.0163,208,0.0983,217781.42,Positive,GetAQuote,True
jamie-employee-of-the-month,5145c9f0-d48d-58cb-9950-cad338913717,30000,142490,2401,0.0169,216,0.09,274164.09,Positive,GetAQuote,True
jamie-employee-of-the-month,b4dd3f53-f5c3-5513-8171-0116931585ac,30000,180285,1545,0.0086,128,0.0828,149951.01,Mixed,GetAQuote,True
jamie-employee-of-the-month,ee3d3820-e6f6-54f1-8230-ec4ff939fae7,15000,402578,6864,0.0171,629,0.0917,804161.42,Positive,GetAQuote,True
baker-mayfield-bundle-jingle,ccd1bdc4-3132-5983-908a-579e0c53081a,30000,164700,3532,0.0214,282,0.0799,210606.69,Positive,PurchaseNow,True
baker-mayfield-bundle-jingle,29a4267b-2fa2-5999-bf96-92139ba9018f,30000,189372,3856,0.0204,235,0.0609,170787.28,Positive,PurchaseNow,True
baker-mayfield-bundle-jingle,a8d441ff-4910-5c4c-969e-d1cff233ee4b,30000,101938,2362,0.0232,162,0.0684,112504.04,Positive,PurchaseNow,True
baker-mayfield-bundle-jingle,46310a83-b45f-5bc2-8728-e2f37b63abc2,15000,320078,7164,0.0224,497,0.0694,410516.97,Positive,PurchaseNow,True
